156-4,15328453
156-8,18210047
156-12,455726685
156-24,168670185
156-31,226533193
156-32,253764697
156-36,3850150065
156-40,137577490
156-44,5593735
156-48,122789605
156-50,273451168
156-51,2417784
156-52,1402081
156-56,1698861615
156-64,4542072
156-68,3296433
156-70,1420488
156-72,14037888
156-76,1745774696
156-84,2253370
156-96,161054276
156-100,37636260
156-104,76738626
156-108,3346876
156-112,2249560
156-116,139184375
156-120,87625139
156-124,3191219360
156-132,3700987
156-144,96692147
156-148,2508712
156-152,2461492100
156-170,287724627
156-175,9734367
156-178,19718247
156-180,22250360
156-188,31925190
156-191,116018337
156-192,30494191
156-196,31387554
156-203,272558775
156-204,132657384
156-208,1264591271
156-214,56587451
156-218,59270710
156-222,21339734
156-226,1692334
156-231,14071169
156-233,42880202
156-242,8680550
156-246,526903293
156-251,4781144528
156-258,1225523
156-262,120089285
156-266,6910731
156-268,46007615
156-270,1219550
156-275,8218746
156-276,8292067662
156-288,168070682
156-300,221519222
156-320,54227127
156-324,61772575
156-328,2858918
156-332,19212982
156-340,74262375
156-344,10727708518
156-348,138835233
156-352,6765463
156-360,1303098362
156-364,270029707
156-368,713341912
156-372,241801028
156-376,1146463419
156-381,3213503587
156-384,11855588
156-388,73493872
156-392,22107319512
156-398,3245613531
156-400,340199362
156-404,188266605
156-408,118572669
156-410,4004257879
156-414,305014009
156-417,1750258525
156-418,6649263
156-422,233359315
156-426,4497909
156-428,102765119
156-430,6516629
156-434,420344941
156-440,102530775
156-442,11333743
156-446,125617993
156-450,44786929
156-454,13836388
156-458,3496267165
156-462,9070718
156-466,12702966
156-470,359149534
156-478,63585741
156-480,21834459
156-484,1086594892
156-490,687463442
156-496,537560914
156-498,6498722
156-499,2943386
156-504,246090752
156-508,44641288
156-512,116683027
156-516,11958280
156-524,1384094368
156-528,3883950878
156-531,39802301
156-540,1431020
156-548,1747726
156-554,591727452
156-558,11365805
156-562,1576913
156-566,429292070
156-577,2447068
156-579,488651429
156-586,191580862
156-591,1585256535
156-598,20331256
156-600,24038166
156-604,383059071
156-608,1072297305
156-616,1105638462
156-620,240227525
156-634,87675574
156-642,145180189
156-643,9328417689
156-646,3975171
156-682,2146119324
156-686,67032875
156-688,27210287
156-694,1260140
156-699,845079556
156-702,1694261685
156-703,316710099
156-704,5675533027
156-705,142867200
156-706,4418389
156-710,1926151450
156-716,10416914
156-724,3738003752
156-728,1388872
156-729,153697765
156-740,6146151
156-752,1129819513
156-757,401125833
156-760,22333249
156-762,435900861
156-764,580669576
156-768,178306549
156-780,17301227
156-784,4723539979
156-788,35440086
156-792,574252042
156-795,4746809
156-800,43137997
156-804,795499977
156-818,1284153786
156-826,7722158425
156-834,95513675
156-842,30988641535
156-854,1885579
156-858,237558973
156-860,11869541
156-862,303549363
156-887,297491727
156-894,6883002
381-8,136102403
381-12,4005247
381-20,8251541
381-24,2282206
381-31,65619106
381-32,6102428
381-36,86385742
381-40,510417123
381-44,2009532
381-48,12233754
381-51,25563638
381-56,570745709
381-60,1058261
381-68,1575487
381-70,36508385
381-76,33808333
381-100,101320742
381-112,20404530
381-124,190982760
381-144,1042145
381-152,27901349
381-156,606670972
381-170,14533163
381-178,1461762
381-188,1089476
381-191,164365585
381-192,2197112
381-196,66837359
381-203,163660053
381-208,198378968
381-214,3980904
381-218,1953489
381-233,39363887
381-246,66289067
381-251,2859534723
381-268,12794500
381-276,2197365603
381-288,1293614
381-300,322100424
381-320,1074676
381-344,1215571520
381-348,88809089
381-352,3009341
381-360,7231448
381-364,6921394
381-368,5552551
381-372,53431497
381-376,69948248
381-392,1068002867
381-398,140204666
381-400,13184226
381-404,1451057
381-410,392802919
381-414,66493729
381-417,5578964
381-422,89324095
381-428,72377428
381-434,25849280
381-440,48414100
381-442,26027790
381-446,37020405
381-458,13667339
381-470,33984499
381-484,99755866
381-490,98680729
381-496,3539488
381-498,21833093
381-499,22642122
381-504,26289417
381-528,702618031
381-554,4738040
381-566,6761337
381-577,1415046
381-579,100654858
381-586,2028533
381-591,15910535
381-600,2904830
381-604,9693959
381-608,5276292
381-616,239782664
381-620,234904429
381-634,39285779
381-642,279015448
381-643,1748079690
381-682,117078170
381-686,1568657
381-688,119407210
381-699,23557884
381-702,71062579
381-703,84478561
381-704,11709233
381-705,76888743
381-710,25326084
381-724,1208273346
381-752,213352163
381-757,1801704587
381-760,3380720
381-762,4215671
381-764,16106245
381-784,251507292
381-788,113474354
381-792,236229248
381-795,4068489
381-804,293640937
381-807,14974867
381-818,27273240
381-826,1510416115
381-842,1723763705
381-858,4039851
381-860,19241066
381-862,7762633
381-899,6157688
344-24,5371272
344-31,2967824
344-32,15717006
344-36,636070776
344-40,75418721
344-48,2190053
344-50,44585899
344-56,154897108
344-76,54017529
344-96,1257693
344-104,2031748
344-116,67639338
344-124,736054520
344-144,26460011
344-152,60723333
344-156,1237032146
344-170,17186054
344-178,1209595
344-188,1182948
344-191,1915114
344-196,2968200
344-203,12684648
344-208,188203037
344-214,4070973
344-218,1087950
344-233,12618005
344-246,36528568
344-251,681820824
344-266,1090212
344-276,1569059912
344-300,12585354
344-316,12438893
344-340,6925151
344-348,6790895
344-352,1722584
344-360,83129677
344-364,2649351
344-372,29038837
344-376,50891039
344-381,602897818
344-392,1757903861
344-398,1978745
344-400,6737420
344-404,6572332
344-410,398712865
344-414,13008144
344-422,16816308
344-428,11267950
344-434,1373088
344-440,4285638
344-446,292349856
344-450,1563054
344-458,91940240
344-470,1451901
344-484,113107297
344-490,327685369
344-496,3453148
344-504,4311707
344-527,2748629
344-528,553967079
344-554,90480467
344-566,1661454
344-579,130809482
344-580,6553415
344-586,1126137
344-591,56921782
344-598,1316625
344-604,17328465
344-608,87625561
344-616,27757290
344-620,8983350
344-634,4078857
344-642,2198527
344-643,147866578
344-682,82923815
344-688,1465043
344-699,44295925
344-702,300815916
344-703,4527389
344-704,64891673
344-705,5849264
344-710,72438291
344-724,320896925
344-752,274847675
344-757,113624263
344-764,102279781
344-784,220657247
344-788,4771638
344-792,33561638
344-804,14796281
344-818,6284905
344-826,1497553053
344-842,8060308742
344-858,12274075
344-862,6560662
276-8,1097500
276-12,4587679
276-20,3923518
276-31,14510433
276-32,1915887
276-36,80772798
276-40,2884354279
276-48,2439417
276-50,2449971
276-51,6479221
276-56,1059856011
276-70,28750941
276-76,13271506
276-92,2215726
276-100,37216210
276-112,22014478
276-124,88557563
276-152,10806261
276-156,148674220
276-170,5543932
276-191,102654364
276-196,25171860
276-203,374964697
276-208,319577042
276-214,1556142
276-218,1563503
276-233,38479446
276-246,208579913
276-251,1948250189
276-268,5526902
276-300,78280941
276-344,116703735
276-348,196522891
276-352,11721176
276-360,11935941
276-364,1801358
276-368,2178429
276-372,95550443
276-376,20626759
276-381,818433985
276-392,73008040
276-398,72463724
276-400,5769863
276-404,2663765
276-410,34717838
276-414,13859460
276-417,1521923
276-422,25714647
276-428,40872561
276-434,3063125
276-440,59508890
276-442,79066123
276-446,1268175
276-458,10214695
276-470,5441814
276-480,3967933
276-484,22819877
276-490,14520132
276-496,6813978
276-498,4420018
276-499,2640610
276-504,9686370
276-512,1008036
276-528,2039776464
276-554,4716837
276-566,1796772
276-579,156891045
276-586,1527981
276-591,2785939
276-604,2186816
276-616,884981831
276-620,88259168
276-634,8974959
276-642,89886405
276-643,1207986668
276-674,1159329
276-682,31859021
276-688,37753274
276-699,7797495
276-702,13189759
276-703,500022790
276-704,5967308
276-705,131240884
276-710,28338621
276-724,644536678
276-752,286296801
276-757,2106469704
276-764,8687221
276-784,53716675
276-788,15520330
276-792,116349196
276-804,141012040
276-807,12104058
276-818,10628470
276-826,826598848
276-837,2967000
276-842,187239570
276-858,1070158
276-860,4947787
276-862,2338155
704-4,5238044
704-12,1037482
704-24,14747530
704-32,17769574
704-36,88970784
704-40,26851614
704-56,159281641
704-76,57333369
704-100,3146716
704-116,10075574
704-124,393373208
704-144,11775005
704-152,31990322
704-156,314813354
704-170,10764293
704-203,28729771
704-208,91561389
704-233,1139404
704-246,16027728
704-251,194743748
704-276,652479676
704-300,8288772
704-344,122086354
704-348,10430034
704-360,9803046
704-372,24759573
704-376,15848170
704-381,153229726
704-392,2220954425
704-400,1274970
704-410,1562423340
704-418,1686974
704-458,36838305
704-484,87297317
704-490,192689682
704-504,1802776
704-528,258074639
704-554,12216553
704-566,3685640
704-579,21882948
704-586,5301712
704-591,35406414
704-604,6635595
704-608,16521349
704-616,36480788
704-642,2246072
704-643,133877770
704-682,19998770
704-699,4736693
704-702,37886742
704-703,12574920
704-710,18014141
704-724,533354686
704-752,76757192
704-757,16222138
704-764,17492888
704-784,52968680
704-792,17062379
704-804,12324004
704-826,475604637
704-842,8704410672
704-858,3661514
704-862,3226515
704-899,16135062
699-4,70899500
699-12,10283927
699-24,2760795
699-31,36694679
699-32,28771157
699-36,140338466
699-40,39825977
699-48,16484493
699-50,30033288
699-51,23974966
699-56,343453412
699-72,1081158
699-76,203079077
699-84,8604805
699-100,7185353
699-104,8287027
699-112,2273907
699-120,24544147
699-124,284243313
699-144,69745909
699-152,90044276
699-156,68991499
699-170,14689573
699-174,2291183
699-188,6486243
699-191,3516947
699-196,1767622
699-203,32415045
699-204,9854445
699-208,299669772
699-214,1168544
699-218,1032859
699-222,3201661
699-226,1121632
699-231,27490467
699-233,5732591
699-242,6706017
699-246,67245415
699-251,930700214
699-262,19925566
699-268,4455765
699-276,1456121001
699-288,12095105
699-300,16753457
699-328,1414165
699-344,89843461
699-348,6852469
699-360,4092614
699-364,22363037
699-368,4689593
699-372,57401701
699-376,47671252
699-381,594390036
699-388,2899367
699-392,232333765
699-398,73520880
699-400,23383933
699-404,10538360
699-408,2033768
699-410,37788412
699-414,79369917
699-417,20919215
699-422,6825104
699-428,3909999
699-434,12739622
699-440,1625969
699-450,27792891
699-454,1083374
699-458,114266898
699-462,2383984
699-466,9484832
699-480,58298408
699-484,149910484
699-490,5993603
699-504,7757495
699-508,6066798
699-512,130332621
699-516,9876866
699-524,12607571
699-528,530168293
699-531,52165798
699-533,1392695
699-554,18055165
699-562,2408895
699-566,105399330
699-579,43887714
699-591,84866601
699-604,23677140
699-608,3600376
699-616,115563314
699-620,41584039
699-634,19021927
699-642,6675230
699-643,94609444
699-646,18371520
699-682,339614489
699-686,18360270
699-688,1227229
699-702,64127319
699-703,14132893
699-704,2800887
699-705,7546085
699-710,132856187
699-716,11044185
699-724,743165632
699-729,64580342
699-740,1723297
699-752,168462945
699-757,74928213
699-762,15415484
699-764,21553917
699-768,8170123
699-780,6388971
699-784,1835527299
699-788,2279337
699-792,59882884
699-800,6437562
699-804,8644634
699-818,11405078
699-826,1789754904
699-834,38223875
699-842,3809736120
699-858,9510927
699-860,8424040
699-862,10866501
699-887,64167242
699-894,3350881
699-899,1757301
792-4,3377680
792-8,21924955
792-12,139651418
792-24,2553192
792-31,23702844
792-36,23775570
792-40,114218743
792-48,4626453
792-56,384523000
792-70,34475621
792-76,3947317
792-100,80785853
792-112,6859776
792-120,1699293
792-124,60070072
792-152,4968897
792-156,48753928
792-170,2195386
792-178,2157391
792-191,17444576
792-196,27777997
792-203,103461159
792-208,488880925
792-231,5966498
792-233,92750711
792-246,51274292
792-251,962873361
792-268,42199935
792-276,3173171612
792-300,78441062
792-344,36855642
792-348,18517973
792-360,3382885
792-364,12259852
792-368,518428288
792-372,49797205
792-376,166469978
792-381,634801349
792-392,25605535
792-398,86662191
792-400,44175001
792-404,2593115
792-410,12535354
792-414,31075743
792-417,75742505
792-422,40857612
792-428,19367713
792-434,113451915
792-440,39898628
792-458,6657090
792-470,2915591
792-478,1091605
792-484,7077566
792-490,2737030
792-496,3037195
792-498,16680147
792-499,2272070
792-504,24117566
792-512,2204751
792-528,794844969
792-554,2222101
792-566,27679914
792-579,83788444
792-586,1612614
792-591,5802334
792-608,1137552
792-616,305987638
792-620,9868770
792-634,10659182
792-642,243142124
792-643,397155878
792-682,218499920
792-686,2107666
792-688,55098041
792-690,3532334
792-699,4354978
792-702,5660182
792-703,125570319
792-705,7414577
792-710,12677036
792-724,1461787456
792-729,8070080
792-752,275947976
792-757,115182539
792-760,22027709
792-762,23397976
792-764,3074552
792-784,136660788
792-788,57779015
792-795,24147858
792-804,293906404
792-807,14343140
792-818,95908122
792-826,2075180867
792-834,1764206
792-838,177002817
792-842,246937620
792-860,10233509
792-862,1367631
792-887,5467080
724-12,23815425
724-20,71098935
724-24,1394230
724-31,12206711
724-32,16542855
724-36,28361594
724-40,138848629
724-48,20770455
724-50,1167753
724-51,5127837
724-56,387464220
724-70,3033234
724-76,69401206
724-100,28026703
724-120,1050938
724-124,50600097
724-152,32373594
724-156,260848808
724-170,70845600
724-188,13566666
724-191,16021264
724-192,15901893
724-196,57535988
724-203,79851614
724-208,36197269
724-214,16493346
724-218,18998047
724-222,9260885
724-226,2509904
724-233,12811252
724-246,23345232
724-251,1912651200
724-268,10743078
724-276,742801490
724-292,3001115
724-300,303069983
724-320,14451343
724-340,8837505
724-344,83298776
724-348,80568311
724-352,3408521
724-360,51642029
724-368,1615608
724-372,123377422
724-376,101693153
724-381,1176517421
724-392,156598312
724-398,16775703
724-400,17865163
724-410,52668544
724-414,71797869
724-422,54966684
724-428,19923138
724-434,5417813
724-440,34019944
724-442,18154921
724-446,8108582
724-458,31533889
724-470,18975473
724-480,1046087
724-484,329275521
724-490,31898518
724-499,3558903
724-504,116627601
724-512,3960129
724-528,286153257
724-533,1300905
724-568,3504609
724-579,23215727
724-586,1454136
724-591,21722783
724-600,2728309
724-604,13012918
724-608,21884857
724-616,278769532
724-620,1205469587
724-634,43095441
724-642,116248717
724-643,301702063
724-682,198820577
724-686,1963108
724-688,19054811
724-699,27694083
724-702,57005985
724-703,19718924
724-704,2929025
724-705,32648780
724-710,12394005
724-752,68768719
724-757,112883237
724-764,39806338
724-768,1622929
724-784,189415099
724-788,23531403
724-792,272833339
724-804,37022529
724-807,5295181
724-818,30477332
724-826,581560517
724-842,197901890
724-858,8422459
724-862,34452861
724-899,5116661
251-12,55889484
251-20,28845583
251-24,2794800
251-31,12574091
251-32,1340749
251-36,41100111
251-40,132394074
251-48,12758559
251-51,4157142
251-56,988983163
251-70,4539800
251-76,14545482
251-100,12296284
251-112,1511349
251-120,12350937
251-124,68472423
251-148,2035563
251-152,5837073
251-156,240434176
251-170,7727082
251-175,3604850
251-178,13734580
251-191,7489502
251-196,32603706
251-203,91206510
251-204,1690020
251-208,70073957
251-214,1165296
251-226,1577637
251-233,14528325
251-246,26720925
251-258,10225854
251-262,1065646
251-266,15595773
251-268,6091107
251-276,1226845526
251-300,91120243
251-316,1186126
251-344,536113915
251-348,59558899
251-352,2039568
251-360,5210755
251-372,45696157
251-376,28907144
251-381,1309586663
251-384,7454177
251-392,370478827
251-398,28683303
251-400,5654569
251-410,115460674
251-414,34184870
251-422,72843729
251-428,10892577
251-434,4707536
251-440,28243159
251-442,81276868
251-446,27095195
251-450,5005283
251-458,4646051
251-466,3607245
251-470,7903043
251-478,2044601
251-480,5001121
251-484,18597053
251-490,43613798
251-504,81755002
251-512,4289544
251-528,297639516
251-534,1215388
251-540,31139368
251-554,2604615
251-562,1043523
251-566,1671798
251-579,36209120
251-591,6148957
251-608,5744461
251-616,187276491
251-620,216292769
251-634,27057838
251-642,52607532
251-643,248208982
251-652,3651782
251-682,88987509
251-686,7526773
251-688,3717955
251-699,9803140
251-702,90488020
251-703,19491795
251-704,7531790
251-705,16220693
251-710,11902189
251-724,1182959756
251-752,106966548
251-757,467258891
251-764,14497137
251-768,1732299
251-784,142682670
251-788,85261605
251-792,57898595
251-804,43043655
251-818,8814434
251-826,855550628
251-842,589064247
251-854,4489681
251-858,1090117
251-860,1781999
251-862,2990016
251-899,2029019
56-12,1905251
56-20,3040881
56-24,1148407
56-36,5186897
56-40,105298144
56-50,3989160
56-76,1820628
56-100,38659151
56-112,1257009
56-120,1050322
56-124,6644647
56-144,1152036
56-156,20573286
56-180,2652428
56-191,4218786
56-196,13585997
56-203,68132138
56-208,78917666
56-233,7809663
56-246,44037476
56-251,3530668883
56-266,1178645
56-276,1042207611
56-300,69131791
56-344,9357126
56-348,55225338
56-352,2156675
56-372,56347694
56-376,1992361
56-381,729781898
56-384,1415762
56-392,32636316
56-398,1358753
56-410,6543544
56-414,2458393
56-422,3728978
56-428,17153342
56-440,9802875
56-442,125063524
56-470,2042687
56-484,1449436
56-490,2106680
56-504,2163559
56-528,1049763462
56-554,1735063
56-579,11987205
56-616,143979991
56-620,77727706
56-642,26605712
56-643,25062633
56-682,3443975
56-686,1215968
56-699,1212864
56-702,2647995
56-703,26566049
56-705,20551619
56-710,3350461
56-724,539095454
56-752,117885207
56-757,38219960
56-764,1674365
56-784,7293961
56-788,23608832
56-792,196487740
56-804,8221638
56-826,781290922
56-842,28363560
528-20,5040763
528-31,1262314
528-36,4370248
528-40,260617506
528-56,1017521977
528-100,7287697
528-112,1542200
528-124,10392923
528-152,2293673
528-156,3246334
528-180,2160212
528-191,10693634
528-196,7556483
528-203,74622412
528-208,138798952
528-233,14024534
528-246,93614885
528-251,1001420369
528-276,3030073457
528-300,58280227
528-344,6585482
528-348,24914664
528-352,4538882
528-372,100080137
528-376,4038640
528-381,546096535
528-392,12375758
528-398,6612346
528-410,3658629
528-414,1128823
528-422,4138665
528-428,9671778
528-440,15336937
528-442,30943688
528-470,3766961
528-484,1747913
528-490,1271785
528-504,1039795
528-531,2758138
528-568,1120862
528-579,40042425
528-591,1459822
528-616,232802237
528-620,61780729
528-642,25722042
528-643,72094280
528-682,2560369
528-688,4519011
528-699,1317245
528-703,32872838
528-704,1524593
528-705,17366872
528-710,3615753
528-724,381963687
528-740,1952999
528-752,223770416
528-757,85614341
528-784,13293934
528-788,1848980
528-792,56802345
528-804,11812492
528-826,977046004
528-842,22215301
528-862,1422414
826-4,1058850
826-12,8858965
826-24,2023123
826-31,11821675
826-36,186394735
826-40,80713298
826-48,19657750
826-50,1099711
826-51,2654409
826-52,1022701
826-56,251031506
826-60,1719770
826-76,11852590
826-100,12493977
826-112,6108711
826-124,47152067
826-144,1954024
826-152,8781685
826-156,41596956
826-191,4416050
826-196,54858403
826-203,121186332
826-208,124254880
826-233,16467532
826-246,46525869
826-251,799376544
826-268,5587216
826-276,1361150354
826-288,3376944
826-292,8501835
826-300,102695569
826-344,128039334
826-348,34432803
826-352,10516888
826-360,22405622
826-364,2659297
826-372,1197621998
826-376,14174530
826-381,400904211
826-392,118538304
826-398,13644247
826-400,4268860
826-404,1422081
826-410,29758084
826-414,34261252
826-422,8269677
826-428,12973783
826-434,11505001
826-440,9254038
826-442,7765233
826-458,9752874
826-470,30366380
826-484,5512087
826-490,10696124
826-498,2160079
826-504,4968078
826-512,3046183
826-528,303978268
826-554,17074638
826-566,18885849
826-579,32385729
826-586,4365358
826-604,1680147
826-608,6811375
826-616,114755870
826-620,51582254
826-634,24433415
826-642,31824237
826-643,243936311
826-682,90696875
826-688,1111343
826-699,17033277
826-702,70521045
826-703,31661653
826-704,2215192
826-705,9721373
826-710,14702852
826-724,266107797
826-752,178059982
826-757,67471945
826-764,13655436
826-780,2062280
826-784,195913268
826-788,11325580
826-792,125019863
826-804,35550203
826-807,1011513
826-818,4105989
826-842,473141775
826-894,1199654
360-12,5703329
360-24,1122990
360-32,11197447
360-36,113329458
360-40,9083012
360-56,153803982
360-76,43969053
360-96,1685294
360-124,167470222
360-144,3316270
360-152,12239463
360-156,120135918
360-170,1771062
360-188,1924322
360-191,2412597
360-203,9973778
360-204,1000347
360-208,13030930
360-242,1132698
360-246,2368034
360-251,110410943
360-276,544405970
360-300,6658479
360-324,3632428
360-344,42492914
360-348,1589973
360-364,2599663
360-372,14483455
360-376,8697996
360-381,108758047
360-392,646381009
360-404,1994351
360-410,277890998
360-414,6867968
360-422,1697049
360-434,2340034
360-440,1365213
360-458,105158137
360-484,37122435
360-490,38470084
360-528,146040423
360-531,1532703
360-540,1138589
360-554,6270214
360-566,11841602
360-579,10522249
360-586,1561773
360-591,14980753
360-598,2203924
360-604,3924759
360-608,14763188
360-616,33093441
360-620,4591153
360-626,2043347
360-643,49667340
360-682,38410698
360-686,1900612
360-699,11684526
360-702,65495058
360-704,8827388
360-705,1104413
360-706,2348586
360-710,12495585
360-724,82183106
360-729,11865684
360-752,26793086
360-757,11930750
360-764,13596055
360-768,2005632
360-784,163722745
360-792,11935929
360-804,3724116
360-818,22895724
360-826,288122116
360-834,2712549
360-842,3937266068
360-858,1380072
360-862,1693657
360-887,4277992
842-4,5450716
842-24,5750663
842-28,1334556
842-32,4572227
842-36,108691566
842-40,3968561
842-44,13279063
842-48,8103036
842-52,3668660
842-56,61609918
842-60,4295097
842-68,2130345
842-76,23813985
842-92,1178226
842-100,1029386
842-120,1257712
842-124,2056698991
842-136,3777648
842-144,1043830
842-152,47211360
842-156,63682669
842-170,43963952
842-188,38594013
842-191,1071500
842-203,2565272
842-208,6418310
842-214,75945473
842-218,17915906
842-222,101211719
842-226,1676832
842-233,1160228
842-246,9786040
842-251,44312664
842-258,3582089
842-268,8438921
842-276,105853575
842-288,1001973
842-300,4731428
842-320,24846740
842-332,4454969
842-340,108037615
842-344,99070814
842-360,6389985
842-368,2616958
842-372,7148187
842-376,34954413
842-381,65364449
842-388,5668162
842-392,326916060
842-398,2937634
842-400,4287399
842-410,121653906
842-414,21939920
842-422,23102482
842-428,2196375
842-434,1512881
842-440,1960568
842-442,1253193
842-458,14536323
842-484,945166579
842-490,25718641
842-512,1071146
842-528,106538604
842-531,2110232
842-533,6106932
842-534,5095131
842-554,15719971
842-558,10946199
842-566,13086204
842-579,5815496
842-586,1886953
842-591,75326188
842-600,5519170
842-604,19308556
842-608,6647218
842-616,3409733
842-620,1460571
842-634,11588053
842-643,22409104
842-659,1073018
842-682,47436836
842-699,7560057
842-702,35643326
842-704,5871307
842-710,11612492
842-724,9488762
842-740,1814025
842-752,10928905
842-757,26134994
842-764,10278517
842-780,8282564
842-784,98617126
842-792,19096559
842-796,1212948
842-800,1354445
842-804,2344584
842-818,2579201
842-826,346373836
842-858,9003196
842-862,42324219
116-32,8031334
116-36,49810447
116-40,12255163
116-56,131062582
116-76,11266650
116-124,444651022
116-152,10246117
116-156,74382724
116-170,1511137
116-191,2947939
116-203,9464263
116-208,15750942
116-246,1169971
116-251,81311209
116-276,426984958
116-300,7556861
116-344,37790779
116-360,3567700
116-372,11729501
116-376,3338086
116-381,124375523
116-392,227638989
116-410,59642441
116-442,16529248
116-458,25687650
116-484,37004316
116-490,10964230
116-528,121452361
116-554,1677882
116-579,13497665
116-591,10693999
116-604,3727234
116-608,3979385
116-616,76945262
116-643,41697028
116-699,1787391
116-702,17069684
116-703,5780892
116-710,6555344
116-724,178169622
116-752,34606194
116-757,18816210
116-764,4528881
116-784,34261782
116-792,25095768
116-804,2233712
116-826,542558929
116-842,2020196456
116-858,1225611
116-899,3585519
458-12,3105202
458-24,1141262
458-32,29567098
458-36,87450996
458-40,2792880
458-48,1214148
458-50,3213593
458-56,154113829
458-76,183811304
458-96,9368083
458-100,1342578
458-104,3622298
458-116,3419279
458-124,102367428
458-144,3353962
458-152,23514286
458-156,85650755
458-170,18648508
458-188,3003195
458-191,2853914
458-196,1517247
458-203,5683821
458-208,23995251
458-214,2812990
458-218,5291310
458-222,1121638
458-233,1147070
458-246,9171845
458-251,110739410
458-268,1136968
458-276,321116578
458-288,1801262
458-300,18094387
458-320,1810640
458-344,47053685
458-348,1681061
458-360,33681036
458-364,10830366
458-368,1496822
458-372,11671586
458-381,108263681
458-384,1423758
458-392,297107409
458-398,3286991
458-400,5645173
458-404,4088274
458-410,44409785
458-414,5210889
458-422,8060931
458-428,19914219
458-434,3197906
458-440,3636505
458-454,1331713
458-484,45339799
458-490,16173687
458-504,2878364
458-512,7052861
458-528,87721202
458-554,14724567
458-566,3828902
458-579,8424700
458-586,5891002
458-591,4777427
458-600,1166005
458-604,12940255
458-608,18828055
458-616,34101490
458-620,3686824
458-634,1216272
458-642,3423961
458-643,50418768
458-682,28194754
458-699,32394432
458-702,110005216
458-704,47399273
458-705,4388183
458-710,18429274
458-716,1182265
458-724,70711951
458-729,1439770
458-752,28787911
458-757,10113154
458-764,47280218
458-780,2913971
458-784,37707750
458-788,2584136
458-792,74711152
458-800,2877146
458-804,5225888
458-818,14244645
458-826,182035932
458-834,1619803
458-842,1651745565
458-854,1552349
458-858,3531522
458-862,7529020
458-887,1589815
458-899,8564365
586-12,5753667
586-32,1628819
586-36,31063208
586-40,5000569
586-48,1314099
586-50,3605119
586-56,223421069
586-76,15285995
586-124,103575123
586-144,2557492
586-152,5602795
586-156,17558520
586-170,1568576
586-203,15957142
586-208,30838839
586-233,3643982
586-246,32875605
586-251,174734219
586-276,441946377
586-300,8315510
586-344,9341519
586-348,1140969
586-360,2476121
586-372,20548529
586-381,118379467
586-392,22996934
586-404,3638756
586-410,5938562
586-414,4888384
586-428,1541770
586-434,1025873
586-440,1484455
586-458,11409577
586-484,13567561
586-490,2087867
586-512,1878184
586-528,254320543
586-554,3287228
586-566,3208693
586-579,23196210
586-591,2260280
586-604,1577538
586-608,2786037
586-616,29318397
586-620,6467457
586-634,5342762
586-643,17081776
586-682,32277712
586-699,2340831
586-702,12408611
586-705,4700498
586-710,19260922
586-724,323739678
586-752,73564509
586-757,6221443
586-764,1620154
586-784,83599742
586-792,13055134
586-804,1731151
586-818,1830016
586-826,587225044
586-842,1666586536
586-858,1226270
586-887,1016708
484-36,4654157
484-56,13646469
484-76,17063345
484-96,1228833
484-124,73600671
484-152,11266751
484-156,4996148
484-170,10862142
484-188,6703204
484-192,2624632
484-214,2127504
484-218,1578461
484-222,3276779
484-251,1189241
484-276,6987357
484-320,14127236
484-340,2703822
484-344,5767797
484-360,1200315
484-381,12674601
484-392,4027204
484-410,1766367
484-458,1661152
484-490,1157759
484-528,6708225
484-558,1939854
484-591,41704785
484-604,2932973
484-608,1044776
484-724,4144299
484-826,5195835
484-842,4243067501
484-858,2254459
484-862,1139121
144-32,3092797
144-36,38755937
144-40,12668717
144-50,3024924
144-56,168047475
144-76,46061794
144-124,85432824
144-152,5549360
144-156,24724216
144-170,1786892
144-203,5786050
144-208,8411515
144-233,1731426
144-246,2416674
144-251,117061349
144-276,227486216
144-320,1065027
144-344,37020352
144-348,1681859
144-360,5501489
144-372,15821994
144-376,2368262
144-381,416910272
144-392,43573484
144-410,23060898
144-440,3585875
144-458,12944442
144-484,22210007
144-490,3334077
144-528,66493571
144-554,3655713
144-566,1409708
144-579,10006724
144-586,2396563
144-591,7823897
144-604,2367458
144-608,4353657
144-616,13048788
144-620,1915320
144-643,25219107
144-682,16127236
144-699,43859860
144-702,10939051
144-703,20699260
144-710,4996918
144-724,25651839
144-752,31560808
144-757,6626385
144-764,4679861
144-784,52292270
144-792,7011425
144-826,911687302
144-842,1886692777
144-858,1068963
764-24,3371565
764-32,8084629
764-36,82309100
764-40,17240260
764-48,3402142
764-50,1627153
764-56,152267014
764-64,3326203
764-76,23978016
764-96,2472867
764-104,34037583
764-116,17797936
764-120,1081142
764-124,73383762
764-144,4711319
764-152,9116755
764-156,69617319
764-170,5770619
764-191,1051502
764-196,1427792
764-203,6003696
764-208,11517168
764-231,2873660
764-242,1440323
764-246,6723959
764-251,132003400
764-276,232722338
764-288,4101632
764-300,6097804
764-316,2174323
764-344,61749858
764-348,1377324
764-360,8634932
764-372,2929307
764-376,16206996
764-381,63852736
764-384,1442640
764-392,499159855
764-398,1339223
764-404,8558878
764-410,50106747
764-414,2723960
764-418,9565982
764-422,2284669
764-428,3338175
764-434,4507136
764-450,1578237
764-458,43650028
764-462,7590246
764-480,2761510
764-484,35205007
764-490,39860370
764-508,8130725
764-512,1914815
764-524,1957831
764-528,82585908
764-531,1381748
764-540,1176541
764-554,8521882
764-566,3763342
764-579,12256941
764-586,2783012
764-591,15381320
764-598,3004931
764-604,3199162
764-608,20102682
764-616,9927468
764-620,3974687
764-634,2078663
764-642,1296423
764-643,25488709
764-682,23797272
764-686,1238982
764-699,11997949
764-702,53766838
764-704,16704768
764-705,2807165
764-710,14967704
764-724,94939613
764-729,1064416
764-752,32695021
764-757,9456597
764-768,3335892
764-784,64945536
764-788,2652156
764-792,5694606
764-804,3715785
764-818,4037401
764-826,104683526
764-834,5563030
764-842,1616658493
764-858,1748825
764-862,2084239
208-36,5552444
208-40,82841878
208-56,144155933
208-100,2572311
208-112,3192064
208-124,10249312
208-156,3169722
208-191,1226757
208-203,8425661
208-233,10173871
208-234,17153949
208-246,249058464
208-251,147529620
208-276,1088530120
208-300,7728965
208-304,25753258
208-344,1497713
208-348,2367946
208-352,22551766
208-372,62117278
208-381,112390508
208-392,5115044
208-398,1597367
208-410,2042984
208-414,2415189
208-422,3488674
208-428,6294985
208-440,11159544
208-442,1938886
208-528,352792595
208-579,446194181
208-616,52641730
208-620,3629164
208-634,2768538
208-642,3716917
208-643,18879150
208-682,1744924
208-688,2218923
208-699,12967543
208-702,1129582
208-703,2642559
208-705,6414179
208-710,2382904
208-724,145328828
208-752,554289374
208-757,85175404
208-764,1894889
208-784,5245451
208-792,16884097
208-804,7496635
208-818,2000417
208-826,217693395
208-842,14998100
616-31,1595246
616-36,1511375
616-40,133212358
616-56,72665585
616-70,1020733
616-100,7264250
616-112,22561424
616-124,2481280
616-156,2317600
616-191,3182445
616-203,196505127
616-208,42275544
616-233,27893243
616-246,81115469
616-251,79514354
616-276,1750401105
616-300,1115996
616-344,5642902
616-348,83485372
616-372,10918712
616-376,1771896
616-381,78553430
616-392,6233294
616-398,9952004
616-417,3033568
616-428,57504420
616-440,82677428
616-442,4745157
616-470,1015169
616-484,1111830
616-498,1811820
616-528,271522781
616-579,33979583
616-620,1007778
616-642,78895719
616-643,156086949
616-674,4832133
616-688,1886581
616-702,1423429
616-703,78513400
616-705,2922370
616-724,21157313
616-752,159087135
616-757,32868166
616-762,1228905
616-784,2761244
616-792,10596923
616-804,210636848
616-826,88937164
616-842,15859420
616-899,1152142
620-24,71753443
620-36,3718435
620-40,59858965
620-56,77867049
620-76,12411350
620-100,1115347
620-124,6183893
620-132,3023121
620-156,8422457
620-196,1134584
620-203,1440823
620-208,66414351
620-246,14798895
620-251,526428512
620-276,321840567
620-300,4566513
620-344,12325360
620-372,17564158
620-376,3868229
620-381,135734010
620-392,4101433
620-410,2748265
620-414,2100244
620-422,2458246
620-442,4404434
620-484,6852621
620-504,3751026
620-508,6080578
620-528,123538773
620-579,14280928
620-616,7186462
620-634,2741867
620-642,1742496
620-643,3713318
620-682,4449456
620-703,1623334
620-705,1985756
620-710,2709626
620-724,1299161302
620-752,75346243
620-757,45187157
620-784,11352313
620-788,27593038
620-792,2986354
620-826,355743208
620-842,71397700
642-40,65633171
642-56,47498903
642-100,28876137
642-124,5344584
642-156,1450019
642-191,4454792
642-203,10862393
642-208,33318455
642-233,1777564
642-251,404896516
642-276,688131923
642-300,10928638
642-344,6489533
642-348,50742900
642-372,14309630
642-376,1306462
642-381,1137196633
642-392,6127341
642-410,1732330
642-428,15678748
642-434,10621506
642-442,5091150
642-498,9415030
642-528,43196313
642-579,3208542
642-616,10437591
642-620,6147650
642-643,11336525
642-674,33850418
642-682,1018180
642-688,11003793
642-703,18641926
642-705,1119903
642-724,127599905
642-752,30399899
642-757,9758355
642-784,2711046
642-792,6515127
642-804,5279511
642-826,507212310
642-842,40463526
504-12,4480816
504-24,3090586
504-40,76332170
504-56,17386055
504-156,1360250
504-178,3240750
504-251,1006365401
504-276,171652299
504-348,1826295
504-372,19968884
504-381,90722293
504-384,1203803
504-434,3231781
504-528,29191621
504-616,1473751
504-620,99828712
504-682,2013502
504-724,1339015068
504-752,3040715
504-757,3459494
504-784,6436868
504-792,11427944
504-826,200317078
504-842,44279936
788-12,3640171
788-36,1665052
788-40,2827039
788-56,179034353
788-76,1181229
788-124,2736551
788-156,1198286
788-191,1398764
788-208,1112396
788-251,944338579
788-276,363223482
788-344,4968671
788-381,764327526
788-392,2000043
788-410,2044836
788-434,9903946
788-470,1127598
788-484,1602682
788-528,165099901
788-591,1845247
788-616,6582432
788-620,21463867
788-643,5417659
788-724,120597397
788-752,6164276
788-757,6244527
788-792,18627583
788-826,129185592
788-842,11002057
788-899,14930352
40-31,1343479
40-36,6248101
40-56,23942567
40-70,13371488
40-76,1171348
40-100,10934589
40-104,4499092
40-112,1393709
40-124,9964382
40-152,3380725
40-156,11021772
40-191,61989392
40-196,8326383
40-203,50401388
40-208,65314410
40-233,1259308
40-246,9668638
40-251,201100672
40-276,849703985
40-300,26585654
40-344,9618605
40-348,135415850
40-372,1824148
40-376,6428891
40-381,83801197
40-392,11700118
40-398,2159497
40-410,5987200
40-414,1142243
40-428,1848333
40-434,1286258
40-440,1733161
40-442,3128085
40-446,1320055
40-484,1162845
40-528,41002858
40-579,5876209
40-616,109208537
40-620,5356990
40-642,105504242
40-643,67205242
40-682,2229616
40-688,19439692
40-703,34818155
40-705,88502780
40-710,1232904
40-724,40160135
40-752,8205760
40-757,96130225
40-784,6065521
40-792,7208411
40-804,11954936
40-807,2157736
40-826,59219110
40-842,52863642
410-36,13584519
410-50,11806240
410-51,1171558
410-56,27266797
410-76,4154871
410-104,36284939
410-116,25936009
410-124,25308908
410-144,1475784
410-152,1741173
410-156,398159514
410-203,1440320
410-208,2105775
410-246,5486831
410-251,43006468
410-276,27717511
410-288,1758293
410-320,8270710
410-332,1473998
410-340,1058180
410-344,51838617
410-348,1314389
410-360,99592306
410-368,1302117
410-381,19029642
410-392,408696532
410-398,3743637
410-414,2570107
410-417,2954921
410-434,1428603
410-458,12361729
410-484,8703082
410-490,38959652
410-496,5429541
410-524,1464894
410-528,5951696
410-554,1426587
410-558,4342421
410-566,4443545
410-579,3904741
410-608,17043055
410-616,3113612
410-643,31293418
410-682,18421155
410-699,1409568
410-702,16009564
410-704,309082619
410-724,5142906
410-752,12094286
410-757,2867017
410-764,7733936
410-784,10852749
410-792,1876479
410-804,1424141
410-826,19744699
410-842,306684385
222-36,1161610
222-56,1054338
222-124,18091567
222-188,7084584
222-251,2711849
222-276,1507058
222-320,9069400
222-340,201585186
222-392,1396177
222-484,20455019
222-528,5179805
222-558,6584007
222-591,2160527
222-842,1784126932
752-36,12530954
752-40,27637321
752-56,35655927
752-124,11912437
752-156,4207081
752-203,20431477
752-208,255654891
752-233,20142181
752-246,505500975
752-251,41885165
752-276,203792840
752-300,3185024
752-344,4973778
752-348,2487426
752-352,5933185
752-372,5285186
752-376,1304444
752-381,25814477
752-392,16060093
752-410,4985909
752-428,17441160
752-440,3558775
752-528,54079221
752-579,313565753
752-616,94805973
752-620,4032029
752-642,2784554
752-643,9462939
752-702,2223620
752-703,1875205
752-705,1543835
752-710,1288781
752-724,15188672
752-757,27412517
752-764,2306386
752-784,1620305
752-792,2654033
752-804,1095303
752-826,206153738
752-842,27347564
100-40,53018173
100-56,43623172
100-124,3385391
100-156,1857137
100-196,1735238
100-203,6336736
100-208,14355818
100-246,1019822
100-251,182788157
100-268,1150086
100-276,489908602
100-300,212014342
100-344,2437017
100-348,9392257
100-372,2194356
100-381,366719558
100-392,1501683
100-440,1971038
100-498,1497621
100-528,41370642
100-579,1719044
100-616,14087060
100-620,3949696
100-642,27113523
100-643,4539093
100-688,3590525
100-703,6723426
100-705,1604225
100-724,68267672
100-752,16198782
100-757,24710904
100-784,1647287
100-792,41749304
100-807,1670240
100-826,88927051
100-842,21563736
608-32,2069842
608-36,9014531
608-56,2943740
608-76,6047226
608-124,44569036
608-152,6905130
608-156,26778819
608-170,1769817
608-203,1029320
608-208,1469403
608-251,15927535
608-276,59768822
608-344,15650559
608-360,2815686
608-376,1079782
608-381,19354171
608-392,175149925
608-410,47543516
608-458,3760138
608-484,15158775
608-490,8118397
608-528,31913732
608-591,7819556
608-604,1216966
608-643,14452764
608-682,2009253
608-699,1182810
608-702,5724305
608-704,2615272
608-710,3889218
608-724,7874094
608-752,1332618
608-757,1030258
608-764,5620434
608-784,26662827
608-792,2489769
608-804,1124707
608-818,3689294
608-826,24638487
608-842,934454123
203-12,1403996
203-40,58383622
203-56,27559746
203-100,11431911
203-112,1446654
203-191,2880863
203-196,10532492
203-208,18594102
203-233,11023300
203-246,9255398
203-251,78762228
203-268,1189717
203-276,400546207
203-300,7692218
203-348,21101842
203-372,3395392
203-376,2894397
203-381,118979728
203-392,1621952
203-398,1308707
203-414,2009047
203-428,8098814
203-434,1829426
203-440,11019069
203-458,1352979
203-528,25870910
203-579,14732455
203-616,140869250
203-620,2805774
203-642,30570489
203-643,24855644
203-688,1697755
203-703,209795689
203-705,3106518
203-724,28674713
203-752,31103075
203-757,22455456
203-784,3150757
203-792,4102002
203-804,10271496
203-826,46452326
203-842,2458979
604-32,23495329
604-36,7028009
604-56,2424259
604-68,7309594
604-76,79486462
604-124,20975308
604-152,37563759
604-170,34838158
604-188,5609613
604-192,1172926
604-214,4528053
604-218,30706305
604-251,12287314
604-276,33687472
604-340,1639235
604-344,9223405
604-381,24326349
604-392,12538216
604-410,2215233
604-484,27890095
604-528,4961710
604-554,6845542
604-591,11892253
604-600,1484614
604-702,1588042
604-724,7434360
604-757,1040048
604-826,13832417
604-842,628933462
604-858,2098997
604-862,323998414
757-36,9445674
757-40,14663846
757-56,14760323
757-76,3432541
757-100,3962887
757-124,13510293
757-156,80015650
757-203,3384616
757-208,6516453
757-246,3179617
757-251,61979714
757-276,613893411
757-300,2640792
757-344,39527274
757-348,1535001
757-360,1473380
757-381,165650619
757-392,31170419
757-398,1449395
757-410,13623841
757-414,2027463
757-422,10332422
757-440,2889440
757-442,1957594
757-446,1968287
757-458,2108293
757-490,3068463
757-528,9471480
757-554,1012490
757-579,4097037
757-591,1085444
757-616,10074958
757-620,7434902
757-634,2534296
757-643,20904129
757-682,2687574
757-699,3499295
757-702,6994331
757-703,1415060
757-704,1025786
757-705,1325258
757-710,1100394
757-724,29949097
757-752,4403431
757-764,1351435
757-784,13391101
757-792,7487575
757-804,4389929
757-826,44742533
757-842,80540232
818-12,1795594
818-36,1265647
818-56,34769014
818-76,1629784
818-124,11860595
818-156,2723665
818-203,4775021
818-208,1841824
818-251,31557513
818-276,111183309
818-300,2198065
818-344,1961811
818-368,1729047
818-376,2004522
818-381,33553811
818-392,2443397
818-400,2191408
818-410,1456931
818-414,10107571
818-422,1340464
818-434,2466412
818-484,1123469
818-512,1271575
818-528,14306544
818-579,1166083
818-616,3790093
818-634,2094905
818-682,19874599
818-724,70011001
818-729,5605155
818-752,3711439
818-784,10457396
818-792,121286763
818-826,142097451
818-842,691484105
818-887,1589137
320-76,1421987
320-124,18802107
320-188,6446232
320-222,14408263
320-340,5288538
320-344,2809506
320-381,2280417
320-392,4713499
320-422,1084540
320-484,3233050
320-528,6189369
320-558,16800670
320-591,1606202
320-792,5713628
320-826,1087709
320-842,1202429928
320-899,17165705
558-56,4451619
558-124,11875849
558-156,1191972
558-188,1525604
558-222,4560212
558-340,33036004
558-484,2114372
558-842,1209644582
702-36,35248300
702-40,2015240
702-50,6862755
702-56,18855826
702-76,64538158
702-96,12927159
702-104,1696429
702-124,16747329
702-144,1119491
702-152,18541736
702-156,10974139
702-208,5024036
702-246,2044647
702-251,4682675
702-276,24959770
702-316,2385708
702-344,34055806
702-360,202978889
702-376,1208336
702-381,8897325
702-392,15736037
702-410,13639605
702-414,2855453
702-458,229842743
702-484,14683696
702-490,2400182
702-504,1322623
702-528,4565033
702-554,2441146
702-586,1019345
702-591,1584093
702-598,2499056
702-608,18866602
702-643,2901071
702-682,3286897
702-699,7656459
702-704,16042964
702-710,1597616
702-724,1269969
702-764,44065664
702-784,78216642
702-792,10954370
702-826,41875624
702-842,262454061
124-36,12046533
124-56,4449063
124-76,1364676
124-156,5589417
124-170,1596650
124-192,2585242
124-208,1464095
124-246,1392767
124-251,5089450
124-276,22419900
124-304,2054975
124-344,5510584
124-372,1121480
124-376,1372127
124-381,4111531
124-392,21763246
124-410,7128062
124-414,2039784
124-442,1226692
124-484,3760399
124-490,2240231
124-528,58416889
124-554,3078866
124-579,4081214
124-591,2118060
124-634,1379403
124-643,9558322
124-682,4075573
124-702,1056344
124-724,6454828
124-752,2726471
124-757,5540237
124-784,7429615
124-826,23734118
124-842,1008182045
703-40,72677302
703-56,6048646
703-100,1566658
703-191,10144836
703-196,4979323
703-203,252328059
703-208,2986470
703-246,4271053
703-251,23365962
703-268,2390548
703-276,171606444
703-348,170414018
703-372,2221587
703-381,68910262
703-528,8793148
703-579,3346907
703-616,309960327
703-642,24728441
703-643,14785850
703-682,11036622
703-688,4177619
703-705,9343288
703-724,4254659
703-752,3754947
703-757,21091800
703-784,1195179
703-792,22289839
703-804,4498292
703-826,7020798
703-842,2742795
400-124,28447140
400-344,2449616
400-368,1486771
400-376,27036739
400-381,3155451
400-392,2881599
400-434,1685213
400-528,5074456
400-682,1807819
400-724,1147928
400-784,1802755
400-826,6535942
400-838,3152637
400-842,1054006700
440-40,7435455
440-56,34140220
440-100,1002143
440-112,15919763
440-203,2398468
440-208,48074589
440-233,15838731
440-246,21691676
440-251,32590272
440-276,137944290
440-352,1160395
440-372,6539007
440-381,4211977
440-392,2860812
440-398,5092052
440-428,33246644
440-528,10892472
440-579,43463178
440-616,3817806
440-643,357851145
440-682,11715079
440-724,2212260
440-752,59306918
440-757,9624799
440-804,4169237
440-826,67647339
440-842,12848785
300-8,7954365
300-40,9902069
300-56,8946528
300-100,103127977
300-124,1125768
300-156,1606420
300-191,7837640
300-196,64450630
300-203,3684500
300-208,6320676
300-233,1006988
300-246,1188277
300-251,36129599
300-276,221044442
300-344,6380920
300-348,1030958
300-381,44398602
300-398,1501418
300-414,1516008
300-422,1528203
300-484,2690212
300-528,18197983
300-616,2344210
300-642,23086304
300-643,124281216
300-682,1633386
300-688,4093530
300-705,4171976
300-724,26137656
300-752,10979630
300-757,8601731
300-784,127366808
300-792,7837632
300-804,3221160
300-807,5671072
300-826,43018634
300-837,1159822
300-842,7562684
480-36,6806409
480-40,1996941
480-56,22606910
480-124,5599952
480-156,1911724
480-203,6509398
480-208,1508506
480-251,114042389
480-276,11155505
480-344,1824693
480-381,14900286
480-392,1197645
480-410,1023319
480-450,2977224
480-484,3243597
480-528,17719577
480-591,3069406
480-620,1173504
480-690,1657474
480-710,158649491
480-716,1143188
480-724,2036782
480-784,4161320
480-826,184763310
480-842,182433513
348-40,114665996
348-56,6207190
348-70,6796476
348-100,6074230
348-124,1628920
348-191,6179684
348-203,8114867
348-208,1035815
348-251,50088847
348-276,242648832
348-300,2588844
348-376,2981434
348-381,52568016
348-392,1236366
348-528,20935214
348-616,9936218
348-642,35662761
348-643,10359208
348-688,12895366
348-703,21964460
348-705,5634012
348-724,10077074
348-752,2997552
348-757,40764645
348-792,9588801
348-804,21703653
348-807,1455814
348-826,21943350
348-842,13734977
807-40,24571920
807-56,3293635
807-100,7561598
807-191,1146372
807-203,5898343
807-208,4968391
807-251,2928647
807-276,395497815
807-300,55947156
807-381,28129824
807-428,1082204
807-528,42682776
807-616,2064194
807-642,1330542
807-688,1201295
807-703,1872420
807-757,18630787
807-826,17827945
807-842,1414911
170-36,1140177
170-56,1657110
170-68,3785598
170-76,5571196
170-124,7411670
170-152,16055936
170-188,30453913
170-214,4819528
170-218,84048409
170-222,1697965
170-251,4311123
170-276,1252006
170-320,4841609
170-381,2222717
170-392,3504043
170-484,66094770
170-528,14203761
170-533,1146358
170-591,14596447
170-604,43620619
170-724,5815034
170-826,7087098
170-842,206044844
170-862,73647823
688-40,8876136
688-70,30840814
688-100,2438573
688-112,2255809
688-191,17843504
688-208,1742712
688-246,1202231
688-251,20752967
688-276,119981800
688-300,5026897
688-372,2537339
688-381,176635376
688-499,23506866
688-528,5898365
688-608,1128186
688-616,3382700
688-642,12038779
688-643,133996818
688-703,3852499
688-705,9579322
688-752,1799758
688-757,2288587
688-807,6212317
688-826,1310578
804-40,5347569
804-56,15435346
804-112,5159268
804-124,1199257
804-203,6535032
804-208,24545800
804-233,3032598
804-251,31311806
804-276,191653140
804-348,36682596
804-381,35181032
804-398,2875864
804-428,17185994
804-440,12483419
804-498,4312059
804-528,10446626
804-616,31657206
804-642,30179694
804-643,81863314
804-703,14957286
804-724,1819103
804-752,4107637
804-826,9842836
804-842,1208018
214-56,4763879
214-124,3686834
214-276,3217737
214-332,49001266
214-340,3314767
214-528,1169909
214-842,504189706
112-51,1000400
112-246,1887500
112-251,1432500
112-276,13677900
112-381,1020800
112-398,10234100
112-428,2582100
112-440,14067300
112-498,5142300
112-643,476571900
112-804,35349200
112-826,6280700
191-40,29301445
191-70,6632660
191-100,2039416
191-251,3034251
191-276,127147724
191-381,302990258
191-400,1330384
191-528,2064974
191-616,3476504
191-642,1875206
191-682,2204747
191-688,10612242
191-705,4508540
191-752,5098799
191-757,1361949
191-784,1898128
191-826,1544459
233-208,1470373
233-246,84691641
233-276,8655729
233-428,43040356
233-440,22057403
233-579,17940249
233-643,243507860
233-752,57603149
233-804,9568600
233-826,3910758
710-24,7582021
710-36,2232600
710-72,98699400
710-156,1208829
710-180,8422376
710-276,1115391
710-288,3596805
710-404,5953066
710-426,54414766
710-454,2260219
710-480,4161425
710-508,16214937
710-516,167114448
710-566,8115233
710-682,8712116
710-716,17720897
710-748,37743844
710-784,4297487
710-800,1320275
710-826,9905105
710-834,3234667
710-842,6328571
710-894,19962782
392-36,8194192
392-76,1793554
392-124,5724107
392-156,67332253
392-251,32284528
392-276,18791003
392-344,84594758
392-360,2880073
392-381,12797618
392-410,39021715
392-458,14110654
392-490,49142916
392-528,4677111
392-608,1121030
392-643,3221909
392-702,12031130
392-704,6496549
392-724,2184032
392-752,1720258
392-757,5287477
392-764,14920476
392-784,6341667
392-826,17792884
392-842,63407059
246-36,1023848
246-40,10920916
246-56,2229174
246-203,1763678
246-208,6567913
246-233,42536731
246-251,12229432
246-276,54355358
246-344,1791233
246-348,3724878
246-381,4988731
246-392,7294241
246-428,10935832
246-440,5865107
246-528,11531449
246-579,11119045
246-616,4282209
246-643,158793845
246-703,1122927
246-705,3876185
246-724,1328481
246-752,58189158
246-757,5315769
246-804,2230445
246-826,9812494
246-842,4041351
450-56,14401023
450-124,3609758
450-246,1089745
450-251,173801748
450-276,60879085
450-381,4403665
450-480,4149806
450-528,10483445
450-620,1594505
450-710,44103355
450-724,16033200
450-757,1810981
450-826,30048530
450-842,24048249
152-68,156434381
152-76,1209537
152-170,1903231
152-484,2773909
152-600,61013238
152-604,114493161
152-724,1154761
152-842,4966373
152-858,10595382
643-31,2083780
643-40,32394566
643-51,3296853
643-84,6340886
643-112,75225280
643-233,2658530
643-251,4343176
643-268,1700830
643-276,5321541
643-381,3062469
643-398,125403360
643-417,1636712
643-428,14892115
643-440,1540262
643-498,7946774
643-616,1810590
643-699,1085827
643-724,3611806
643-752,1790587
643-784,1833962
643-795,1443678
643-804,22700374
643-826,2415826
643-842,1523932
643-862,1648002
643-899,1398725
8-203,3658372
8-251,1084103
8-276,24765682
8-300,22314583
8-381,272942325
428-56,1521389
428-112,4013584
428-196,1332312
428-203,3021934
428-208,41368441
428-233,65401240
428-246,4579733
428-251,4528715
428-276,22251528
428-352,4750500
428-372,2127708
428-392,1052622
428-398,1171589
428-440,64533695
428-528,2856756
428-579,7819354
428-616,1907835
428-643,39598744
428-724,1940468
428-752,32569210
428-804,4062109
428-826,6652413
428-842,1670590
372-40,3009466
372-56,3406691
372-208,1521366
372-246,1402435
372-251,3535071
372-276,39260104
372-392,4286437
372-528,12722599
372-608,1004402
372-620,3754887
372-643,1101220
372-724,41311885
372-752,2725004
372-826,144215315
372-842,13262659
404-124,1836938
404-180,1951612
404-646,1353037
404-688,1494856
404-800,4628933
404-834,5009913
404-842,258197013
404-894,1136466
498-56,2567611
498-100,4631844
498-251,1400412
498-276,20746138
498-381,95888453
498-616,16112907
498-642,11969832
498-643,17478865
498-674,1370822
498-724,1600495
498-792,22561599
498-826,61052536
705-40,52433085
705-56,3911486
705-70,5539245
705-100,2728077
705-191,33462515
705-196,3002527
705-203,2301391
705-246,1148720
705-251,3935578
705-276,59521705
705-348,2710301
705-381,17166104
705-440,2118701
705-499,5773097
705-528,8234953
705-579,1163378
705-616,4316072
705-642,2719207
705-643,2700845
705-688,19219917
705-752,3725270
705-757,4336670
705-807,1483170
705-826,1294291
705-842,2528712
554-36,198743859
554-156,1132867
554-242,1207432
554-392,2132896
554-410,1208505
554-702,1047215
554-784,1196364
554-826,3518675
554-842,5883294
36-124,1762522
36-156,3373309
36-162,1293666
36-242,1201517
36-251,1413023
36-276,2464872
36-344,10219913
36-360,1610807
36-381,1009608
36-392,2399125
36-520,1180228
36-528,2849381
36-540,2108822
36-554,130345340
36-598,9555223
36-702,8082588
36-710,3180828
36-764,2144417
36-784,1685518
36-826,10770678
36-842,15830951
70-40,26131144
70-56,1142530
70-191,7073435
70-251,6054584
70-276,88635212
70-381,45363079
70-616,12451192
70-674,1114913
70-688,1757119
70-705,8745774
70-752,1429201
70-757,5293295
76-24,8306722
76-32,6375813
76-36,4466430
76-68,11501313
76-124,1126709
76-152,9980445
76-188,1316822
76-218,1756377
76-251,3959017
76-392,4588608
76-484,1830940
76-508,1427523
76-516,2431793
76-591,1252001
76-600,37003664
76-604,2934776
76-620,3482242
76-842,23831811
76-858,15839796
76-862,1987104
376-36,1741000
376-40,1132000
376-56,1329000
376-124,3083000
376-170,6751000
376-251,1303000
376-276,8939000
376-344,1015000
376-381,3252000
376-410,1762000
376-528,5262000
376-757,1932000
376-818,1791000
376-826,4386000
376-842,92622000
376-899,5941000
442-56,14005857
442-203,1613251
442-208,4064743
442-251,19412769
442-276,21625225
442-344,1045386
442-348,1205174
442-372,1191539
442-376,1440209
442-381,12764690
442-528,4852812
442-579,1002154
442-616,2755087
442-643,4148214
442-682,1102605
442-710,3471430
442-724,6441153
442-757,2719706
442-784,1270451
442-792,3407112
442-826,19027115
188-56,7053417
188-124,2228149
188-276,4483373
188-340,1090911
188-842,109162645
48-124,1260254
48-414,1025501
48-512,4692378
48-682,57633440
48-784,1703669
48-842,51672232
579-56,1305143
579-124,1733745
579-208,12007192
579-246,4248099
579-251,1282921
579-276,8297258
579-352,2331410
579-381,1545864
579-440,5988817
579-528,3592913
579-643,3925910
579-752,62541235
579-757,1713564
579-826,1919790
579-842,3482953
417-398,101293265
417-643,3774399
32-76,36070395
32-152,19907099
32-170,1615414
32-392,1199181
32-484,1140901
32-600,6222080
32-604,2330053
32-842,3673473
32-858,19802419
32-862,1375657
682-12,1458428
682-48,6676102
682-231,1718115
682-400,2541820
682-404,1110577
682-414,6573895
682-434,1648788
682-504,3409970
682-566,2819723
682-608,1220914
682-634,5608729
682-706,1392144
682-724,4553489
682-729,3209759
682-784,20463788
682-818,9423894
682-887,2342816
422-24,1574823
422-251,6344577
422-276,5462856
422-368,1379511
422-381,1584186
422-400,2305344
422-414,6507295
422-434,1904716
422-634,3630863
422-682,12978093
422-757,1207447
422-760,3107739
422-784,19665693
422-792,1504993
422-818,1988404
422-826,1099316
422-842,1373568
524-36,1591236
524-124,3347791
524-251,8585362
524-276,11837232
524-381,3168311
524-392,5125730
524-528,1196386
524-699,3062908
524-724,2112469
524-757,1340216
524-784,1171070
524-826,9991258
524-842,15299842
268-4,1078408
268-31,2501027
268-51,4654216
268-276,3265902
268-381,5821823
268-398,1234605
268-792,41854546
242-36,46104378
242-90,1000514
242-554,6985426
242-826,1082275
600-32,9938601
600-76,26852996
600-858,7568117
858-32,10679971
858-76,25509539
858-152,1532506
858-484,2235448
858-842,1318434
231-276,31570796
231-729,3435688
231-842,5636083
51-251,3494054
51-276,10101527
51-381,21695103
51-643,1206499
218-152,3809201
218-170,5330881
218-251,1159949
218-276,2666122
218-484,2647924
218-591,1257013
218-604,2638090
218-724,2419488
218-842,7404154
68-32,2543067
68-152,3544172
68-600,1752389
68-842,1701848
68-862,15436259
398-643,21854504
398-792,1403374
398-804,1370214
512-364,12509448
512-634,1220117
512-682,2234746
512-784,1618978
512-842,4042020
414-48,3838434
414-634,2310881
414-682,2110326
414-784,12631260
496-251,4986296
496-276,1696053
496-381,1409951
496-392,1739026
496-643,1386609
496-826,7443379
72-710,11641057
72-842,6489641
834-404,1682039
834-710,3770116
834-800,1300845
834-826,1043061
834-842,8295920
470-434,9324700
470-642,5069631
470-826,1451546
454-842,9864126
516-24,3709928
516-710,5238841
275-376,7376750
328-842,6646147
96-344,3676430
96-842,1948134
591-838,4832273
196-300,3299730
196-381,1192260
132-620,4256302
20-251,1742534
20-724,2197020
52-842,2851367
800-728,2388915
716-710,2208319
508-710,1698130
894-404,1396085
